insert into racingSite.auction_status (status_id, status_name)
values  (5, 'APPROVED_BY_ADMIN'),
        (4, 'ENDED'),
        (1, 'NOT_VERIFIED'),
        (2, 'RUNNING'),
        (3, 'SUSPENDED');


insert into racingSite.auction_type (type_id, type_name)
values  (1, 'FORWARD'),
        (2, 'REVERSE');

insert into racingSite.region (region_id, region_name)
values  (2, 'Brest Oblast'),
        (1, 'City of Minsk'),
        (3, 'Gomel Oblast'),
        (4, 'Grodno Oblast'),
        (5, 'Minsk Oblast'),
        (6, 'Mogilev Oblast'),
        (7, 'Vitebsk Oblast');


insert into racingSite.city_or_district (city_or_district_id, city_or_district_name, region_id)
values  (1, 'Zavodskoy', 1),
        (2, 'Pinsk', 2),
        (3, 'Tsentralny', 1),
        (4, 'Sovetsky', 1),
        (5, 'Pervomaysky', 1),
        (6, 'Partizansky', 1),
        (7, 'Leninsky', 1),
        (8, 'Oktyabrsky', 1),
        (9, 'Moskovsky', 1),
        (10, 'Frunzensky', 1),
        (11, 'Baranovichi', 2),
        (12, 'Bereza', 2),
        (13, 'Brest', 2),
        (14, 'Gantsevichi', 2),
        (15, 'Drogichin', 2),
        (16, 'Zhabinka', 2),
        (17, 'Ivanovo', 2),
        (18, 'Ivatsevichi', 2),
        (19, 'Kamenets', 2),
        (20, 'Kobrin', 2),
        (21, 'Luninets', 2),
        (22, 'Lyakhovichi', 2),
        (23, 'Malorita', 2),
        (24, 'Pruzhany', 2),
        (25, 'Stolin', 2),
        (26, 'Beshenkovichi', 7),
        (27, 'Braslav', 7),
        (28, 'Verkhnedvinsk', 7),
        (29, 'Vitebsk', 7),
        (30, 'Glubokoye', 7),
        (31, 'Gorodok', 7),
        (32, 'Dokshitsy', 7),
        (33, 'Dubrovno', 7),
        (34, 'Lepel', 7),
        (35, 'Liozno', 7),
        (36, 'Miory', 7),
        (37, 'Orsha', 7),
        (38, 'Polotsk', 7),
        (39, 'Postavy', 7),
        (40, 'Rossony', 7),
        (41, 'Senno', 7),
        (42, 'Tolochin', 7),
        (43, 'Ushachi', 7),
        (44, 'Chashniki', 7),
        (45, 'Sharkovshchina', 7),
        (46, 'Shumilino', 7),
        (68, 'Bragin', 3),
        (69, 'Buda-Koshelevo', 3),
        (70, 'Vetka', 3),
        (71, 'Gomel', 3),
        (72, 'Dobrush', 3),
        (73, 'Yelsk', 3),
        (74, 'Zhitkovichi', 3),
        (75, 'Zhlobin', 3),
        (76, 'Kalinkovichi', 3),
        (77, 'Korma', 3),
        (78, 'Lelchitsy', 3),
        (79, 'Loyev', 3),
        (80, 'Mozyr', 3),
        (81, 'Narovlya', 3),
        (82, 'Oktyabrsky', 3),
        (83, 'Petrikov', 3),
        (84, 'Rechitsa', 3),
        (85, 'Rogachev', 3),
        (86, 'Svetlogorsk', 3),
        (87, 'Khoiniki', 3),
        (88, 'Chechersk', 3),
        (89, 'Berestovitsa', 4),
        (90, 'Volkovysk', 4),
        (91, 'Voronovo', 4),
        (92, 'Grodno', 4),
        (93, 'Dyatlovo', 4),
        (94, 'Zelva', 4),
        (95, 'Ivye', 4),
        (96, 'Korelichi', 4),
        (97, 'Lida', 4),
        (98, 'Mosty', 4),
        (99, 'Novogrudok', 4),
        (100, 'Ostrovets', 4),
        (101, 'Oshmyany', 4),
        (102, 'Svisloch', 4),
        (103, 'Slonim', 4),
        (104, 'Smorgon', 4),
        (105, 'Shchuchin', 4),
        (106, 'Berezina', 5),
        (107, 'Borisov', 5),
        (108, 'Vileika', 5),
        (109, 'Volozhin', 5),
        (110, 'Dzerzhinsk', 5),
        (111, 'Kletsk', 5),
        (112, 'Kopyl', 5),
        (113, 'Krupki', 5),
        (114, 'Logoisk', 5),
        (115, 'Luban', 5),
        (116, 'Minsk', 5),
        (117, 'Molodechno', 5),
        (118, 'Myadel', 5),
        (119, 'Nesvizh', 5),
        (120, 'Minsk', 5),
        (121, 'Slutsk', 5),
        (122, 'Smolevichi', 5),
        (123, 'Soligorsk', 5),
        (124, 'Starye Dorogi', 5),
        (125, 'Stolbtsy', 5),
        (126, 'Uzda', 5),
        (127, 'Cherven', 5),
        (128, 'Belynichi', 6),
        (129, 'Bobruisk', 6),
        (130, 'Bykhov', 6),
        (131, 'Glusk', 6),
        (132, 'Gorki', 6),
        (133, 'Dribin', 6),
        (134, 'Kirovsk', 6),
        (135, 'Klimovichi', 6),
        (136, 'Klichev', 6),
        (137, 'Kostyukovichi', 6),
        (138, 'Krasnopolye', 6),
        (139, 'Krichev', 6),
        (140, 'Krugloye', 6),
        (141, 'Mogilev', 6),
        (142, 'Mstislavl', 6),
        (143, 'Osipovichi', 6),
        (144, 'Slavgorod', 6),
        (145, 'Khotimsk', 6),
        (146, 'Chausy', 6),
        (147, 'Cherikov', 6),
        (148, 'Shklov', 6),
        (149, 'Other', 1),
        (150, 'Other', 2),
        (151, 'Other', 3),
        (152, 'Other', 4),
        (153, 'Other', 5),
        (154, 'Other', 6),
        (155, 'Other', 7);


insert into racingSite.product_condition (product_condition_id, product_condition_name)
values  (2, 'NEW'),
        (3, 'NOT_SPECIFIED'),
        (1, 'USED');


insert into racingSite.role (role_id, role_name)
values  (2, 'ADMIN'),
        (1, 'USER');


insert into racingSite.category (category_id, category_name)
values  (1, 'clothes'),
        (2, 'books'),
        (3, 'comics');